{
    "loss": 3.218959331512451,
    "accuracy": 0.7382134199142456
}