{
    "loss": 13.293317794799805,
    "accuracy": 0.2165631502866745
}